payment_id,booking_id,payment_method,amount,amount_quality
PAY1000,B1116,NETBANKING,9883.49,VALID
PAY1001,B1738,NETBANKING,8457.96,VALID
PAY1002,B1873,UPI,6495.37,VALID
PAY1003,B1914,NETBANKING,5079.38,VALID
PAY1004,B1967,CARD,12518.31,VALID
PAY1005,B1998,CARD,7319.71,VALID
PAY1006,B1544,CARD,8020.26,VALID
PAY1007,B1043,UPI,8291.6,VALID
PAY1008,B1508,CARD,7277.14,VALID
PAY1009,B1987,CARD,4585.24,VALID
PAY1010,B1164,UPI,2684.77,VALID
PAY1011,B1367,CARD,2379.52,VALID
PAY1012,B1856,CARD,11604.48,VALID
PAY1013,B1291,NETBANKING,4129.39,VALID
PAY1014,B1848,UPI,1779.42,VALID
PAY1015,B1855,CARD,12165.24,VALID
PAY1016,B1916,CARD,3156.86,VALID
PAY1017,B1897,CARD,9752.05,VALID
PAY1018,B1798,CARD,,MISSING
PAY1019,B1875,NETBANKING,,INVALID
PAY1020,B1736,NETBANKING,6802.73,VALID
PAY1021,B1285,NETBANKING,1207.32,VALID
PAY1022,B1203,NETBANKING,12774.63,VALID
PAY1023,B1683,UPI,8188.97,VALID
PAY1024,B1523,CARD,,MISSING
PAY1025,B1818,NETBANKING,4317.72,VALID
PAY1026,B1120,CARD,,MISSING
PAY1027,B1944,UPI,3644.17,VALID
PAY1028,B1755,CARD,4760.39,VALID
PAY1029,B1663,CARD,8481.4,VALID
PAY1030,B1663,NETBANKING,12656.53,VALID
PAY1031,B1187,NETBANKING,6625.76,VALID
PAY1032,B1906,UPI,11037.65,VALID
PAY1033,B1012,CARD,,INVALID
PAY1034,B1602,NETBANKING,4028.21,VALID
PAY1035,B1199,NETBANKING,12300.69,VALID
PAY1036,B1585,NETBANKING,11603.63,VALID
PAY1037,B1767,UPI,5997.12,VALID
PAY1038,B1455,CARD,14853.28,VALID
PAY1039,B1447,NETBANKING,4676.01,VALID
PAY1040,B1787,CARD,4567.25,VALID
PAY1041,B1839,UPI,11811.63,VALID
PAY1042,B1840,CARD,7085.2,VALID
PAY1043,B1070,NETBANKING,5631.13,VALID
PAY1044,B1589,CARD,3501.28,VALID
PAY1045,B1795,CARD,11714.65,VALID
PAY1046,B1129,UPI,12008.51,VALID
PAY1047,B1888,UPI,8931.9,VALID
PAY1048,B1042,CARD,14402.39,VALID
PAY1049,B1519,CARD,5454.29,VALID
PAY1050,B1012,CARD,4074.67,VALID
PAY1051,B1724,UPI,10484.53,VALID
PAY1052,B1622,UPI,11617.72,VALID
PAY1053,B1987,CARD,4148.68,VALID
PAY1054,B1802,UPI,2072.55,VALID
PAY1055,B1534,NETBANKING,12347.23,VALID
PAY1056,B1301,UPI,14671.03,VALID
PAY1057,B1765,UPI,10025.41,VALID
PAY1058,B1526,UPI,4890.14,VALID
PAY1059,B1641,NETBANKING,14953.42,VALID
PAY1060,B1572,NETBANKING,,MISSING
PAY1061,B1114,NETBANKING,8187.33,VALID
PAY1062,B1459,CARD,12554.5,VALID
PAY1063,B1831,CARD,12421.49,VALID
PAY1064,B1504,NETBANKING,14087.19,VALID
PAY1065,B1307,CARD,12772.93,VALID
PAY1066,B1931,CARD,10011.51,VALID
PAY1067,B1962,CARD,9530.25,VALID
PAY1068,B1324,NETBANKING,7543.0,VALID
PAY1069,B1578,UPI,,MISSING
PAY1070,B1760,NETBANKING,12133.03,VALID
PAY1071,B1174,NETBANKING,,MISSING
PAY1072,B1850,CARD,7542.02,VALID
PAY1073,B1513,CARD,9031.14,VALID
PAY1074,B1171,UPI,7227.28,VALID
PAY1075,B1996,UPI,10358.84,VALID
PAY1076,B1959,UPI,9818.89,VALID
PAY1077,B1501,UPI,,INVALID
PAY1078,B1976,NETBANKING,8576.26,VALID
PAY1079,B1333,UPI,2238.82,VALID
PAY1080,B1283,NETBANKING,1369.37,VALID
PAY1081,B1474,CARD,12076.76,VALID
PAY1082,B1053,UPI,4621.1,VALID
PAY1083,B1457,CARD,5769.17,VALID
PAY1084,B1578,CARD,1897.18,VALID
PAY1085,B1419,NETBANKING,3513.0,VALID
PAY1086,B1613,UPI,11718.47,VALID
PAY1087,B1631,NETBANKING,7909.43,VALID
PAY1088,B1702,CARD,13329.36,VALID
PAY1089,B1408,UPI,6561.39,VALID
PAY1090,B1981,CARD,4761.81,VALID
PAY1091,B1303,CARD,5866.4,VALID
PAY1092,B1934,UPI,10978.81,VALID
PAY1093,B1558,UPI,8770.08,VALID
PAY1094,B1221,UPI,13658.68,VALID
PAY1095,B1532,NETBANKING,9430.36,VALID
PAY1096,B1157,NETBANKING,7902.25,VALID
PAY1097,B1347,CARD,12000.54,VALID
PAY1098,B1158,UPI,14265.47,VALID
PAY1099,B1888,CARD,5981.84,VALID
PAY1100,B1883,CARD,4498.27,VALID
PAY1101,B1921,CARD,9627.04,VALID
PAY1102,B1234,CARD,7984.22,VALID
PAY1103,B1661,CARD,14848.6,VALID
PAY1104,B1404,UPI,7473.06,VALID
PAY1105,B1256,NETBANKING,2040.64,VALID
PAY1106,B1676,UPI,14683.17,VALID
PAY1107,B1588,UPI,12810.22,VALID
PAY1108,B1596,UPI,3495.5,VALID
PAY1109,B1557,NETBANKING,13664.47,VALID
PAY1110,B1904,NETBANKING,5769.34,VALID
PAY1111,B1912,NETBANKING,6279.57,VALID
PAY1112,B1046,UPI,13689.48,VALID
PAY1113,B1212,NETBANKING,8421.62,VALID
PAY1114,B1478,CARD,2928.68,VALID
PAY1115,B1486,NETBANKING,6166.79,VALID
PAY1116,B1570,UPI,11109.36,VALID
PAY1117,B1565,UPI,3438.58,VALID
PAY1118,B1341,CARD,9263.24,VALID
PAY1119,B1523,NETBANKING,10733.84,VALID
PAY1120,B1703,NETBANKING,5813.95,VALID
PAY1121,B1502,CARD,10714.33,VALID
PAY1122,B1005,UPI,13378.9,VALID
PAY1123,B1820,UPI,7609.63,VALID
PAY1124,B1143,NETBANKING,6360.73,VALID
PAY1125,B1857,NETBANKING,4516.22,VALID
PAY1126,B1260,NETBANKING,9458.88,VALID
PAY1127,B1584,NETBANKING,13317.93,VALID
PAY1128,B1685,NETBANKING,5545.26,VALID
PAY1129,B1231,UPI,6547.3,VALID
PAY1130,B1269,UPI,6692.76,VALID
PAY1131,B1939,UPI,8851.37,VALID
PAY1132,B1446,UPI,4197.73,VALID
PAY1133,B1873,CARD,12510.96,VALID
PAY1134,B1221,UPI,5138.43,VALID
PAY1135,B1051,CARD,10875.08,VALID
PAY1136,B1115,UPI,8185.02,VALID
PAY1137,B1537,NETBANKING,9202.57,VALID
PAY1138,B1564,NETBANKING,3514.52,VALID
PAY1139,B1876,NETBANKING,11290.32,VALID
PAY1140,B1540,CARD,3640.69,VALID
PAY1141,B1018,UPI,2588.63,VALID
PAY1142,B1814,UPI,8653.51,VALID
PAY1143,B1391,CARD,10930.16,VALID
PAY1144,B1790,CARD,1700.5,VALID
PAY1145,B1628,CARD,1971.53,VALID
PAY1146,B1617,CARD,12237.51,VALID
PAY1147,B1418,CARD,12326.46,VALID
PAY1148,B1990,NETBANKING,4434.27,VALID
PAY1149,B1308,UPI,9613.19,VALID
PAY1150,B1738,CARD,7204.52,VALID
PAY1151,B1863,NETBANKING,9857.74,VALID
PAY1152,B1185,CARD,13080.31,VALID
PAY1153,B1260,NETBANKING,2117.99,VALID
PAY1154,B1527,CARD,11891.78,VALID
PAY1155,B1272,UPI,7902.41,VALID
PAY1156,B1159,CARD,8897.78,VALID
PAY1157,B1869,CARD,10155.04,VALID
PAY1158,B1761,UPI,13916.72,VALID
PAY1159,B1223,UPI,1794.08,VALID
PAY1160,B1255,CARD,1412.67,VALID
PAY1161,B1179,UPI,3495.66,VALID
PAY1162,B1019,UPI,14810.27,VALID
PAY1163,B1623,NETBANKING,11011.07,VALID
PAY1164,B1631,UPI,9604.98,VALID
PAY1165,B1705,UPI,1658.55,VALID
PAY1166,B1467,CARD,13307.54,VALID
PAY1167,B1622,CARD,12378.6,VALID
PAY1168,B1209,NETBANKING,10307.2,VALID
PAY1169,B1512,CARD,5747.83,VALID
PAY1170,B1057,UPI,1987.07,VALID
PAY1171,B1092,UPI,9120.54,VALID
PAY1172,B1220,UPI,11075.72,VALID
PAY1173,B1722,CARD,,INVALID
PAY1174,B1939,UPI,9872.75,VALID
PAY1175,B1231,UPI,5009.12,VALID
PAY1176,B1773,NETBANKING,11699.42,VALID
PAY1177,B1363,NETBANKING,8554.62,VALID
PAY1178,B1614,NETBANKING,2806.52,VALID
PAY1179,B1561,CARD,8371.27,VALID
PAY1180,B1373,UPI,6540.32,VALID
PAY1181,B1621,UPI,3524.98,VALID
PAY1182,B1455,UPI,12781.22,VALID
PAY1183,B1087,NETBANKING,1154.4,VALID
PAY1184,B1019,UPI,,MISSING
PAY1185,B1013,UPI,1176.33,VALID
PAY1186,B1132,UPI,,MISSING
PAY1187,B1936,UPI,5159.35,VALID
PAY1188,B1807,UPI,1759.8,VALID
PAY1189,B1033,CARD,9352.83,VALID
PAY1190,B1891,UPI,2216.08,VALID
PAY1191,B1207,CARD,10823.99,VALID
PAY1192,B1812,UPI,1736.99,VALID
PAY1193,B1198,CARD,1830.32,VALID
PAY1194,B1591,UPI,5274.56,VALID
PAY1195,B1582,UPI,13552.0,VALID
PAY1196,B1154,UPI,9979.51,VALID
PAY1197,B1589,UPI,11781.84,VALID
PAY1198,B1077,NETBANKING,2981.73,VALID
PAY1199,B1171,UPI,12677.76,VALID
PAY1200,B1288,CARD,1114.05,VALID
PAY1201,B1544,NETBANKING,3982.8,VALID
PAY1202,B1811,NETBANKING,9625.29,VALID
PAY1203,B1787,UPI,6253.45,VALID
PAY1204,B1878,CARD,14778.71,VALID
PAY1205,B1419,CARD,1424.75,VALID
PAY1206,B1006,NETBANKING,14980.37,VALID
PAY1207,B1159,CARD,,MISSING
PAY1208,B1239,UPI,8821.9,VALID
PAY1209,B1962,UPI,1833.17,VALID
PAY1210,B1422,UPI,4826.6,VALID
PAY1211,B1988,UPI,13945.28,VALID
PAY1212,B1535,UPI,5959.44,VALID
PAY1213,B1725,NETBANKING,,INVALID
PAY1214,B1069,UPI,14992.95,VALID
PAY1215,B1879,UPI,4682.98,VALID
PAY1216,B1215,NETBANKING,9065.13,VALID
PAY1217,B1103,NETBANKING,10750.13,VALID
PAY1218,B1726,NETBANKING,3304.78,VALID
PAY1219,B1053,CARD,3081.42,VALID
PAY1220,B1805,CARD,,MISSING
PAY1221,B1329,UPI,6401.38,VALID
PAY1222,B1847,UPI,10999.02,VALID
PAY1223,B1202,UPI,1973.12,VALID
PAY1224,B1287,CARD,14610.33,VALID
PAY1225,B1044,UPI,1199.88,VALID
PAY1226,B1828,UPI,9418.44,VALID
PAY1227,B1197,CARD,8876.86,VALID
PAY1228,B1215,NETBANKING,2886.02,VALID
PAY1229,B1480,CARD,3112.82,VALID
PAY1230,B1308,UPI,12097.48,VALID
PAY1231,B1895,CARD,13425.87,VALID
PAY1232,B1434,NETBANKING,4962.24,VALID
PAY1233,B1331,NETBANKING,7131.5,VALID
PAY1234,B1695,NETBANKING,5969.93,VALID
PAY1235,B1026,NETBANKING,2015.66,VALID
PAY1236,B1165,NETBANKING,10424.86,VALID
PAY1237,B1317,NETBANKING,12552.7,VALID
PAY1238,B1273,UPI,5268.31,VALID
PAY1239,B1382,UPI,14862.46,VALID
PAY1240,B1364,CARD,2061.92,VALID
PAY1241,B1102,UPI,10265.07,VALID
PAY1242,B1959,NETBANKING,7275.19,VALID
PAY1243,B1502,UPI,7252.43,VALID
PAY1244,B1844,CARD,,INVALID
PAY1245,B1372,NETBANKING,4621.54,VALID
PAY1246,B1615,UPI,11017.88,VALID
PAY1247,B1925,UPI,11102.07,VALID
PAY1248,B1244,CARD,4953.56,VALID
PAY1249,B1816,NETBANKING,,INVALID
PAY1250,B1168,CARD,5435.83,VALID
PAY1251,B1627,NETBANKING,11151.3,VALID
PAY1252,B1652,NETBANKING,2694.0,VALID
PAY1253,B1417,UPI,3361.82,VALID
PAY1254,B1355,CARD,5421.14,VALID
PAY1255,B1477,CARD,9314.23,VALID
PAY1256,B1124,CARD,,MISSING
PAY1257,B1536,NETBANKING,6548.99,VALID
PAY1258,B1705,CARD,2089.75,VALID
PAY1259,B1895,NETBANKING,6230.89,VALID
PAY1260,B1611,CARD,10642.75,VALID
PAY1261,B1401,CARD,10393.94,VALID
PAY1262,B1516,UPI,3242.75,VALID
PAY1263,B1530,CARD,1108.98,VALID
PAY1264,B1681,UPI,11541.74,VALID
PAY1265,B1785,UPI,2489.15,VALID
PAY1266,B1253,NETBANKING,2152.89,VALID
PAY1267,B1120,CARD,1037.82,VALID
PAY1268,B1031,CARD,7056.42,VALID
PAY1269,B1660,CARD,,MISSING
PAY1270,B1777,UPI,9927.3,VALID
PAY1271,B1036,CARD,5144.89,VALID
PAY1272,B1688,NETBANKING,10945.95,VALID
PAY1273,B1341,NETBANKING,,MISSING
PAY1274,B1012,CARD,12647.86,VALID
PAY1275,B1182,UPI,9005.88,VALID
PAY1276,B1656,NETBANKING,9174.46,VALID
PAY1277,B1264,NETBANKING,3936.86,VALID
PAY1278,B1087,UPI,2037.52,VALID
PAY1279,B1939,NETBANKING,7506.15,VALID
PAY1280,B1461,UPI,9618.57,VALID
PAY1281,B1045,NETBANKING,2330.65,VALID
PAY1282,B1391,UPI,14307.48,VALID
PAY1283,B1118,NETBANKING,,MISSING
PAY1284,B1932,CARD,8636.39,VALID
PAY1285,B1530,NETBANKING,14300.97,VALID
PAY1286,B1446,NETBANKING,3512.23,VALID
PAY1287,B1731,CARD,1355.89,VALID
PAY1288,B1941,CARD,1551.73,VALID
PAY1289,B1744,CARD,9225.17,VALID
PAY1290,B1605,CARD,,INVALID
PAY1291,B1966,UPI,14419.64,VALID
PAY1292,B1762,UPI,2987.06,VALID
PAY1293,B1761,NETBANKING,5266.12,VALID
PAY1294,B1793,NETBANKING,12515.25,VALID
PAY1295,B1743,NETBANKING,4062.36,VALID
PAY1296,B1045,UPI,4401.56,VALID
PAY1297,B1885,NETBANKING,9992.33,VALID
PAY1298,B1507,NETBANKING,4865.21,VALID
PAY1299,B1557,UPI,4044.27,VALID
PAY1300,B1970,NETBANKING,4558.49,VALID
PAY1301,B1525,UPI,7869.06,VALID
PAY1302,B1596,UPI,14525.4,VALID
PAY1303,B1830,CARD,12651.33,VALID
PAY1304,B1839,CARD,4984.54,VALID
PAY1305,B1002,UPI,6087.22,VALID
PAY1306,B1027,UPI,7503.17,VALID
PAY1307,B1380,CARD,14705.02,VALID
PAY1308,B1156,NETBANKING,3413.47,VALID
PAY1309,B1854,NETBANKING,6004.76,VALID
PAY1310,B1913,NETBANKING,11211.97,VALID
PAY1311,B1930,UPI,,MISSING
PAY1312,B1510,CARD,3179.45,VALID
PAY1313,B1332,NETBANKING,4183.32,VALID
PAY1314,B1843,CARD,4159.73,VALID
PAY1315,B1686,CARD,1293.05,VALID
PAY1316,B1113,UPI,9457.62,VALID
PAY1317,B1388,NETBANKING,10389.84,VALID
PAY1318,B1486,CARD,9435.36,VALID
PAY1319,B1842,UPI,1998.52,VALID
PAY1320,B1249,UPI,1969.22,VALID
PAY1321,B1570,UPI,3945.41,VALID
PAY1322,B1714,NETBANKING,5064.12,VALID
PAY1323,B1314,NETBANKING,,INVALID
PAY1324,B1238,UPI,3231.46,VALID
PAY1325,B1233,NETBANKING,1617.29,VALID
PAY1326,B1302,NETBANKING,6515.83,VALID
PAY1327,B1606,CARD,6829.49,VALID
PAY1328,B1990,UPI,,MISSING
PAY1329,B1652,UPI,12576.65,VALID
PAY1330,B1333,NETBANKING,2372.08,VALID
PAY1331,B1112,UPI,10855.19,VALID
PAY1332,B1620,UPI,5731.24,VALID
PAY1333,B1361,UPI,5339.72,VALID
PAY1334,B1856,NETBANKING,14055.6,VALID
PAY1335,B1800,NETBANKING,4478.56,VALID
PAY1336,B1096,NETBANKING,9995.45,VALID
PAY1337,B1957,CARD,4851.79,VALID
PAY1338,B1846,UPI,8100.01,VALID
PAY1339,B1015,CARD,12008.1,VALID
PAY1340,B1555,NETBANKING,13344.12,VALID
PAY1341,B1953,CARD,12741.76,VALID
PAY1342,B1375,UPI,9150.53,VALID
PAY1343,B1741,UPI,4483.43,VALID
PAY1344,B1389,NETBANKING,,MISSING
PAY1345,B1619,NETBANKING,10938.67,VALID
PAY1346,B1216,CARD,1149.69,VALID
PAY1347,B1398,NETBANKING,7148.95,VALID
PAY1348,B1259,CARD,12805.67,VALID
PAY1349,B1823,UPI,7854.23,VALID
PAY1350,B1319,UPI,5359.26,VALID
PAY1351,B1195,UPI,13205.17,VALID
PAY1352,B1477,UPI,3182.33,VALID
PAY1353,B1417,UPI,3890.23,VALID
PAY1354,B1474,CARD,10623.21,VALID
PAY1355,B1606,UPI,5934.1,VALID
PAY1356,B1567,CARD,10982.24,VALID
PAY1357,B1543,UPI,3207.85,VALID
PAY1358,B1230,CARD,4531.77,VALID
PAY1359,B1883,CARD,3193.06,VALID
PAY1360,B1520,CARD,14340.74,VALID
PAY1361,B1702,NETBANKING,,MISSING
PAY1362,B1872,CARD,5721.08,VALID
PAY1363,B1199,CARD,1198.83,VALID
PAY1364,B1845,UPI,3147.85,VALID
PAY1365,B1672,CARD,6895.9,VALID
PAY1366,B1598,CARD,1959.04,VALID
PAY1367,B1020,NETBANKING,8150.35,VALID
PAY1368,B1310,UPI,7370.22,VALID
PAY1369,B1587,NETBANKING,11740.35,VALID
PAY1370,B1952,NETBANKING,10237.24,VALID
PAY1371,B1897,NETBANKING,7243.26,VALID
PAY1372,B1652,CARD,4145.25,VALID
PAY1373,B1637,NETBANKING,11176.09,VALID
PAY1374,B1762,NETBANKING,10910.07,VALID
PAY1375,B1899,UPI,3146.15,VALID
PAY1376,B1595,UPI,13806.53,VALID
PAY1377,B1433,UPI,1901.67,VALID
PAY1378,B1370,UPI,1770.53,VALID
PAY1379,B1559,NETBANKING,3622.91,VALID
PAY1380,B1890,UPI,13732.45,VALID
PAY1381,B1077,CARD,8279.97,VALID
PAY1382,B1541,NETBANKING,12031.17,VALID
PAY1383,B1284,UPI,4189.8,VALID
PAY1384,B1647,NETBANKING,7863.11,VALID
PAY1385,B1139,UPI,6016.05,VALID
PAY1386,B1552,NETBANKING,12589.6,VALID
PAY1387,B1997,UPI,,MISSING
PAY1388,B1281,CARD,4413.8,VALID
PAY1389,B1561,UPI,3136.04,VALID
PAY1390,B1257,NETBANKING,13028.65,VALID
PAY1391,B1822,NETBANKING,7545.61,VALID
PAY1392,B1359,CARD,,MISSING
PAY1393,B1439,NETBANKING,7292.76,VALID
PAY1394,B1269,CARD,14606.94,VALID
PAY1395,B1133,NETBANKING,12903.74,VALID
PAY1396,B1745,NETBANKING,10889.16,VALID
PAY1397,B1639,CARD,5066.71,VALID
PAY1398,B1103,NETBANKING,3312.42,VALID
PAY1399,B1765,NETBANKING,13900.07,VALID
PAY1400,B1094,CARD,6923.06,VALID
PAY1401,B1848,UPI,4902.58,VALID
PAY1402,B1728,CARD,7592.89,VALID
PAY1403,B1572,NETBANKING,13849.86,VALID
PAY1404,B1479,UPI,6418.94,VALID
PAY1405,B1779,UPI,8876.97,VALID
PAY1406,B1240,UPI,12241.53,VALID
PAY1407,B1012,CARD,6979.86,VALID
PAY1408,B1146,UPI,,INVALID
PAY1409,B1939,UPI,14923.36,VALID
PAY1410,B1751,UPI,14391.99,VALID
PAY1411,B1600,NETBANKING,12808.71,VALID
PAY1412,B1094,CARD,10637.23,VALID
PAY1413,B1826,CARD,5128.12,VALID
PAY1414,B1292,NETBANKING,13787.78,VALID
PAY1415,B1024,UPI,4857.79,VALID
PAY1416,B1271,NETBANKING,12211.33,VALID
PAY1417,B1504,NETBANKING,13855.61,VALID
PAY1418,B1165,UPI,9442.05,VALID
PAY1419,B1938,UPI,12242.79,VALID
PAY1420,B1761,CARD,12083.73,VALID
PAY1421,B1086,UPI,3704.21,VALID
PAY1422,B1653,NETBANKING,10350.94,VALID
PAY1423,B1645,NETBANKING,2308.55,VALID
PAY1424,B1984,UPI,8109.9,VALID
PAY1425,B1790,CARD,3271.3,VALID
PAY1426,B1637,NETBANKING,6828.89,VALID
PAY1427,B1827,UPI,12661.75,VALID
PAY1428,B1490,CARD,,INVALID
PAY1429,B1907,CARD,5451.44,VALID
PAY1430,B1140,NETBANKING,8447.38,VALID
PAY1431,B1867,NETBANKING,8158.17,VALID
PAY1432,B1102,CARD,14361.62,VALID
PAY1433,B1225,CARD,,INVALID
PAY1434,B1901,CARD,10787.49,VALID
PAY1435,B1574,UPI,13905.05,VALID
PAY1436,B1293,NETBANKING,6227.3,VALID
PAY1437,B1895,CARD,13629.71,VALID
PAY1438,B1305,NETBANKING,13844.39,VALID
PAY1439,B1253,NETBANKING,14029.28,VALID
PAY1440,B1179,NETBANKING,4786.25,VALID
PAY1441,B1039,CARD,6604.98,VALID
PAY1442,B1775,UPI,13185.54,VALID
PAY1443,B1700,CARD,6028.27,VALID
PAY1444,B1519,NETBANKING,9403.54,VALID
PAY1445,B1615,CARD,2652.76,VALID
PAY1446,B1736,CARD,1787.85,VALID
PAY1447,B1545,NETBANKING,6767.92,VALID
PAY1448,B1235,NETBANKING,,INVALID
PAY1449,B1462,CARD,6497.79,VALID
PAY1450,B1227,CARD,,INVALID
PAY1451,B1699,CARD,8211.18,VALID
PAY1452,B1824,CARD,10599.9,VALID
PAY1453,B1482,UPI,10093.45,VALID
PAY1454,B1429,CARD,6939.44,VALID
PAY1455,B1021,UPI,6949.93,VALID
PAY1456,B1342,NETBANKING,,MISSING
PAY1457,B1039,UPI,8185.34,VALID
PAY1458,B1172,NETBANKING,9220.51,VALID
PAY1459,B1438,UPI,7670.85,VALID
PAY1460,B1178,NETBANKING,,MISSING
PAY1461,B1597,CARD,11103.08,VALID
PAY1462,B1132,UPI,2045.26,VALID
PAY1463,B1350,UPI,13802.17,VALID
PAY1464,B1524,NETBANKING,1289.01,VALID
PAY1465,B1539,NETBANKING,14472.9,VALID
PAY1466,B1505,UPI,7472.98,VALID
PAY1467,B1083,NETBANKING,6777.38,VALID
PAY1468,B1992,CARD,4590.22,VALID
PAY1469,B1463,UPI,1141.0,VALID
PAY1470,B1829,CARD,4847.06,VALID
PAY1471,B1860,UPI,2531.6,VALID
PAY1472,B1342,CARD,10237.49,VALID
PAY1473,B1279,UPI,5467.05,VALID
PAY1474,B1865,NETBANKING,11740.51,VALID
PAY1475,B1262,UPI,3896.83,VALID
PAY1476,B1165,CARD,13603.29,VALID
PAY1477,B1292,UPI,8321.74,VALID
PAY1478,B1508,CARD,2603.09,VALID
PAY1479,B1579,CARD,6611.83,VALID
PAY1480,B1225,CARD,3894.65,VALID
PAY1481,B1169,NETBANKING,3795.6,VALID
PAY1482,B1597,UPI,8089.18,VALID
PAY1483,B1644,CARD,10406.49,VALID
PAY1484,B1447,NETBANKING,13762.65,VALID
PAY1485,B1689,CARD,8030.27,VALID
PAY1486,B1854,UPI,14521.74,VALID
PAY1487,B1501,NETBANKING,14182.89,VALID
PAY1488,B1763,CARD,,INVALID
PAY1489,B1526,CARD,7999.68,VALID
PAY1490,B1734,CARD,2972.66,VALID
PAY1491,B1378,UPI,4050.66,VALID
PAY1492,B1200,NETBANKING,10067.38,VALID
PAY1493,B1618,NETBANKING,6904.57,VALID
PAY1494,B1249,NETBANKING,3055.22,VALID
PAY1495,B1948,CARD,7705.92,VALID
PAY1496,B1408,NETBANKING,1244.03,VALID
PAY1497,B1600,CARD,11274.54,VALID
PAY1498,B1124,UPI,2030.14,VALID
PAY1499,B1112,NETBANKING,9807.59,VALID
PAY1500,B1980,CARD,12102.14,VALID
PAY1501,B1136,NETBANKING,2857.01,VALID
PAY1502,B1758,NETBANKING,8260.94,VALID
PAY1503,B1495,UPI,11906.95,VALID
PAY1504,B1677,NETBANKING,4648.87,VALID
PAY1505,B1149,UPI,3280.83,VALID
PAY1506,B1874,NETBANKING,5715.47,VALID
PAY1507,B1342,NETBANKING,8765.79,VALID
PAY1508,B1944,NETBANKING,9053.91,VALID
PAY1509,B1579,NETBANKING,2832.27,VALID
PAY1510,B1732,NETBANKING,7405.96,VALID
PAY1511,B1782,NETBANKING,4755.95,VALID
PAY1512,B1320,UPI,12788.34,VALID
PAY1513,B1821,UPI,5390.05,VALID
PAY1514,B1925,CARD,12741.86,VALID
PAY1515,B1860,NETBANKING,6999.9,VALID
PAY1516,B1531,UPI,11172.2,VALID
PAY1517,B1288,NETBANKING,8140.84,VALID
PAY1518,B1488,NETBANKING,9707.48,VALID
PAY1519,B1491,UPI,6534.99,VALID
PAY1520,B1611,NETBANKING,11754.89,VALID
PAY1521,B1251,UPI,6952.65,VALID
PAY1522,B1981,UPI,7404.46,VALID
PAY1523,B1076,CARD,8247.5,VALID
PAY1524,B1646,CARD,12645.54,VALID
PAY1525,B1391,CARD,10231.31,VALID
PAY1526,B1411,CARD,5888.25,VALID
PAY1527,B1172,NETBANKING,10384.47,VALID
PAY1528,B1874,NETBANKING,9993.97,VALID
PAY1529,B1200,CARD,14034.27,VALID
PAY1530,B1216,UPI,12779.83,VALID
PAY1531,B1375,UPI,10064.26,VALID
PAY1532,B1719,UPI,5781.1,VALID
PAY1533,B1585,UPI,11914.07,VALID
PAY1534,B1010,NETBANKING,,INVALID
PAY1535,B1798,UPI,14793.78,VALID
PAY1536,B1767,UPI,4465.09,VALID
PAY1537,B1011,CARD,2115.18,VALID
PAY1538,B1891,UPI,1978.49,VALID
PAY1539,B1990,NETBANKING,9960.43,VALID
PAY1540,B1589,UPI,14149.64,VALID
PAY1541,B1434,UPI,1027.05,VALID
PAY1542,B1683,NETBANKING,11160.79,VALID
PAY1543,B1607,CARD,10198.91,VALID
PAY1544,B1817,NETBANKING,11252.26,VALID
PAY1545,B1372,CARD,5975.68,VALID
PAY1546,B1272,UPI,12486.95,VALID
PAY1547,B1930,CARD,1625.9,VALID
PAY1548,B1896,CARD,,MISSING
PAY1549,B1924,CARD,4739.01,VALID
PAY1550,B1690,UPI,7675.73,VALID
PAY1551,B1575,CARD,12516.91,VALID
PAY1552,B1508,CARD,4799.03,VALID
PAY1553,B1131,UPI,3592.91,VALID
PAY1554,B1854,NETBANKING,10538.38,VALID
PAY1555,B1923,NETBANKING,8467.53,VALID
PAY1556,B1783,NETBANKING,8201.65,VALID
PAY1557,B1318,UPI,4594.77,VALID
PAY1558,B1843,UPI,1488.32,VALID
PAY1559,B1948,NETBANKING,6743.77,VALID
PAY1560,B1852,CARD,2491.83,VALID
PAY1561,B1620,NETBANKING,13683.85,VALID
PAY1562,B1784,UPI,1577.5,VALID
PAY1563,B1167,CARD,7043.11,VALID
PAY1564,B1396,CARD,1731.44,VALID
PAY1565,B1179,UPI,2337.61,VALID
PAY1566,B1057,CARD,10224.13,VALID
PAY1567,B1479,NETBANKING,10059.56,VALID
PAY1568,B1932,UPI,,MISSING
PAY1569,B1590,UPI,1015.84,VALID
PAY1570,B1459,UPI,2103.45,VALID
PAY1571,B1060,UPI,11681.98,VALID
PAY1572,B1368,CARD,9184.07,VALID
PAY1573,B1120,UPI,1533.66,VALID
PAY1574,B1718,UPI,7833.36,VALID
PAY1575,B1545,CARD,10968.41,VALID
PAY1576,B1581,UPI,,INVALID
PAY1577,B1016,CARD,14076.51,VALID
PAY1578,B1495,CARD,5584.17,VALID
PAY1579,B1496,UPI,2901.65,VALID
PAY1580,B1504,NETBANKING,4316.96,VALID
PAY1581,B1531,UPI,,MISSING
PAY1582,B1968,NETBANKING,14600.78,VALID
PAY1583,B1314,CARD,7529.51,VALID
PAY1584,B1068,NETBANKING,5274.94,VALID
PAY1585,B1726,UPI,7008.67,VALID
PAY1586,B1160,UPI,5267.38,VALID
PAY1587,B1613,NETBANKING,4590.83,VALID
PAY1588,B1887,UPI,9312.51,VALID
PAY1589,B1717,NETBANKING,1220.3,VALID
PAY1590,B1144,CARD,,INVALID
PAY1591,B1568,NETBANKING,,MISSING
PAY1592,B1594,NETBANKING,1448.88,VALID
PAY1593,B1992,NETBANKING,2164.83,VALID
PAY1594,B1384,NETBANKING,5107.55,VALID
PAY1595,B1268,CARD,13289.27,VALID
PAY1596,B1922,CARD,11708.41,VALID
PAY1597,B1453,CARD,1310.19,VALID
PAY1598,B1698,NETBANKING,8023.98,VALID
PAY1599,B1517,CARD,,MISSING
PAY1600,B1864,UPI,10081.04,VALID
PAY1601,B1349,CARD,11101.75,VALID
PAY1602,B1109,NETBANKING,13080.08,VALID
PAY1603,B1482,UPI,7655.83,VALID
PAY1604,B1406,NETBANKING,14922.3,VALID
PAY1605,B1649,UPI,14719.81,VALID
PAY1606,B1050,NETBANKING,13350.33,VALID
PAY1607,B1402,NETBANKING,9048.17,VALID
PAY1608,B1562,UPI,6572.09,VALID
PAY1609,B1475,CARD,6101.41,VALID
PAY1610,B1086,UPI,1169.75,VALID
PAY1611,B1067,UPI,4488.44,VALID
PAY1612,B1595,UPI,11063.32,VALID
PAY1613,B1978,UPI,9450.85,VALID
PAY1614,B1041,UPI,13829.91,VALID
PAY1615,B1730,NETBANKING,,MISSING
PAY1616,B1056,NETBANKING,3173.87,VALID
PAY1617,B1737,CARD,12049.41,VALID
PAY1618,B1195,CARD,6019.11,VALID
PAY1619,B1759,UPI,2656.83,VALID
PAY1620,B1677,CARD,14950.31,VALID
PAY1621,B1061,CARD,12021.5,VALID
PAY1622,B1262,UPI,6722.37,VALID
PAY1623,B1111,NETBANKING,,MISSING
PAY1624,B1764,NETBANKING,10528.45,VALID
PAY1625,B1710,CARD,12059.65,VALID
PAY1626,B1177,NETBANKING,12412.89,VALID
PAY1627,B1947,NETBANKING,2186.2,VALID
PAY1628,B1025,CARD,9721.62,VALID
PAY1629,B1409,UPI,1095.0,VALID
PAY1630,B1757,CARD,1608.39,VALID
PAY1631,B1530,CARD,13655.72,VALID
PAY1632,B1776,CARD,8385.89,VALID
PAY1633,B1316,UPI,11302.63,VALID
PAY1634,B1531,UPI,12739.01,VALID
PAY1635,B1105,UPI,14294.21,VALID
PAY1636,B1748,UPI,13170.94,VALID
PAY1637,B1817,CARD,7766.36,VALID
PAY1638,B1463,NETBANKING,5703.58,VALID
PAY1639,B1245,CARD,3162.91,VALID
PAY1640,B1080,UPI,6604.5,VALID
PAY1641,B1661,NETBANKING,6130.91,VALID
PAY1642,B1908,CARD,8834.05,VALID
PAY1643,B1395,NETBANKING,10317.13,VALID
PAY1644,B1521,UPI,,MISSING
PAY1645,B1832,NETBANKING,11197.41,VALID
PAY1646,B1735,NETBANKING,10012.48,VALID
PAY1647,B1925,UPI,5691.29,VALID
PAY1648,B1263,NETBANKING,1483.05,VALID
PAY1649,B1660,CARD,5033.75,VALID
PAY1650,B1789,NETBANKING,11758.27,VALID
PAY1651,B1273,CARD,3873.81,VALID
PAY1652,B1705,NETBANKING,10970.63,VALID
PAY1653,B1943,NETBANKING,9116.92,VALID
PAY1654,B1171,UPI,3406.0,VALID
PAY1655,B1264,UPI,4662.75,VALID
PAY1656,B1962,CARD,7948.25,VALID
PAY1657,B1821,UPI,,MISSING
PAY1658,B1025,UPI,11899.89,VALID
PAY1659,B1468,UPI,11281.66,VALID
PAY1660,B1861,UPI,9044.04,VALID
PAY1661,B1475,UPI,12511.85,VALID
PAY1662,B1355,CARD,8877.37,VALID
PAY1663,B1025,CARD,14501.45,VALID
PAY1664,B1033,UPI,,MISSING
PAY1665,B1263,UPI,10997.85,VALID
PAY1666,B1137,CARD,6179.22,VALID
PAY1667,B1815,NETBANKING,4905.53,VALID
PAY1668,B1694,CARD,3525.42,VALID
PAY1669,B1874,NETBANKING,8735.05,VALID
PAY1670,B1753,UPI,4016.57,VALID
PAY1671,B1565,UPI,3804.91,VALID
PAY1672,B1461,CARD,14867.45,VALID
PAY1673,B1167,UPI,12224.46,VALID
PAY1674,B1630,NETBANKING,11475.88,VALID
PAY1675,B1654,NETBANKING,12116.85,VALID
PAY1676,B1080,CARD,14564.92,VALID
PAY1677,B1756,NETBANKING,,INVALID
PAY1678,B1913,CARD,4083.41,VALID
PAY1679,B1863,CARD,13070.93,VALID
PAY1680,B1869,NETBANKING,11398.23,VALID
PAY1681,B1406,NETBANKING,6800.32,VALID
PAY1682,B1573,NETBANKING,7629.97,VALID
PAY1683,B1045,NETBANKING,,INVALID
PAY1684,B1598,NETBANKING,14019.19,VALID
PAY1685,B1610,NETBANKING,5809.44,VALID
PAY1686,B1806,NETBANKING,14488.78,VALID
PAY1687,B1910,UPI,13743.8,VALID
PAY1688,B1052,CARD,9827.3,VALID
PAY1689,B1983,CARD,9117.5,VALID
PAY1690,B1703,NETBANKING,6181.25,VALID
PAY1691,B1958,CARD,1256.74,VALID
PAY1692,B1475,NETBANKING,2786.72,VALID
PAY1693,B1591,UPI,11559.24,VALID
PAY1694,B1015,CARD,7601.56,VALID
PAY1695,B1359,CARD,3097.73,VALID
PAY1696,B1486,UPI,4695.45,VALID
PAY1697,B1837,UPI,14269.72,VALID
PAY1698,B1705,UPI,6139.86,VALID
PAY1699,B1501,CARD,13707.55,VALID
PAY1700,B1140,CARD,,INVALID
PAY1701,B1619,UPI,8605.08,VALID
PAY1702,B1814,UPI,1286.68,VALID
PAY1703,B1776,UPI,8306.25,VALID
PAY1704,B1446,UPI,,MISSING
PAY1705,B1289,UPI,,MISSING
PAY1706,B1208,NETBANKING,9105.12,VALID
PAY1707,B1474,UPI,10060.35,VALID
PAY1708,B1412,NETBANKING,10616.41,VALID
PAY1709,B1676,CARD,11869.65,VALID
PAY1710,B1426,CARD,,MISSING
PAY1711,B1853,NETBANKING,8948.88,VALID
PAY1712,B1370,UPI,14742.11,VALID
PAY1713,B1831,CARD,13574.02,VALID
PAY1714,B1663,UPI,14337.32,VALID
PAY1715,B1966,UPI,6405.91,VALID
PAY1716,B1289,NETBANKING,12016.99,VALID
PAY1717,B1431,CARD,9678.57,VALID
PAY1718,B1267,CARD,2158.29,VALID
PAY1719,B1150,NETBANKING,12535.73,VALID
PAY1720,B1718,UPI,10479.42,VALID
PAY1721,B1254,UPI,,MISSING
PAY1722,B1352,CARD,2116.34,VALID
PAY1723,B1376,NETBANKING,12718.31,VALID
PAY1724,B1652,NETBANKING,2104.63,VALID
PAY1725,B1854,UPI,2278.95,VALID
PAY1726,B1357,UPI,6983.72,VALID
PAY1727,B1607,NETBANKING,2887.17,VALID
PAY1728,B1940,CARD,13791.37,VALID
PAY1729,B1369,UPI,7583.98,VALID
PAY1730,B1226,NETBANKING,8968.11,VALID
PAY1731,B1704,NETBANKING,13993.49,VALID
PAY1732,B1302,NETBANKING,8423.69,VALID
PAY1733,B1825,CARD,5950.28,VALID
PAY1734,B1388,UPI,12160.17,VALID
PAY1735,B1376,UPI,7199.9,VALID
PAY1736,B1972,UPI,5458.57,VALID
PAY1737,B1117,CARD,11125.21,VALID
PAY1738,B1004,UPI,12222.48,VALID
PAY1739,B1443,UPI,,INVALID
PAY1740,B1351,UPI,14687.44,VALID
PAY1741,B1754,UPI,12013.34,VALID
PAY1742,B1532,CARD,,MISSING
PAY1743,B1663,NETBANKING,13004.79,VALID
PAY1744,B1639,NETBANKING,1002.59,VALID
PAY1745,B1123,UPI,6074.04,VALID
PAY1746,B1657,UPI,11326.44,VALID
PAY1747,B1276,UPI,9396.07,VALID
PAY1748,B1821,CARD,,MISSING
PAY1749,B1393,UPI,5252.26,VALID
PAY1750,B1663,CARD,5715.1,VALID
PAY1751,B1359,UPI,8949.59,VALID
PAY1752,B1622,UPI,12642.38,VALID
PAY1753,B1468,NETBANKING,14054.88,VALID
PAY1754,B1984,UPI,11501.29,VALID
PAY1755,B1627,CARD,12801.31,VALID
PAY1756,B1699,NETBANKING,,INVALID
PAY1757,B1056,CARD,,MISSING
PAY1758,B1250,NETBANKING,6497.92,VALID
PAY1759,B1895,CARD,9624.54,VALID
PAY1760,B1918,NETBANKING,2739.31,VALID
PAY1761,B1149,CARD,9112.92,VALID
PAY1762,B1451,CARD,10311.86,VALID
PAY1763,B1161,UPI,7144.72,VALID
PAY1764,B1119,NETBANKING,14344.34,VALID
PAY1765,B1581,NETBANKING,9514.99,VALID
PAY1766,B1923,UPI,,MISSING
PAY1767,B1350,CARD,7709.03,VALID
PAY1768,B1098,CARD,10455.66,VALID
PAY1769,B1166,NETBANKING,5530.81,VALID
PAY1770,B1809,CARD,2114.98,VALID
PAY1771,B1662,NETBANKING,9168.1,VALID
PAY1772,B1837,NETBANKING,14270.18,VALID
PAY1773,B1975,CARD,7791.01,VALID
PAY1774,B1513,CARD,13685.53,VALID
PAY1775,B1663,CARD,12690.33,VALID
PAY1776,B1400,UPI,3063.78,VALID
PAY1777,B1364,NETBANKING,10914.38,VALID
PAY1778,B1576,CARD,,INVALID
PAY1779,B1325,UPI,4503.45,VALID
PAY1780,B1580,CARD,10617.14,VALID
PAY1781,B1632,NETBANKING,11397.25,VALID
PAY1782,B1620,UPI,3518.55,VALID
PAY1783,B1827,NETBANKING,13802.23,VALID
PAY1784,B1246,CARD,11516.06,VALID
PAY1785,B1433,CARD,14067.26,VALID
PAY1786,B1092,CARD,5439.03,VALID
PAY1787,B1267,UPI,14150.69,VALID
PAY1788,B1614,UPI,6159.25,VALID
PAY1789,B1942,UPI,1755.58,VALID
PAY1790,B1962,UPI,11681.57,VALID
PAY1791,B1623,CARD,10849.11,VALID
PAY1792,B1320,CARD,9370.75,VALID
PAY1793,B1922,CARD,7858.51,VALID
PAY1794,B1815,UPI,1450.31,VALID
PAY1795,B1855,UPI,9744.36,VALID
PAY1796,B1061,CARD,6835.68,VALID
PAY1797,B1299,CARD,8842.93,VALID
PAY1798,B1402,UPI,7010.5,VALID
PAY1799,B1954,NETBANKING,14524.79,VALID
PAY1800,B1647,CARD,9457.52,VALID
PAY1801,B1566,CARD,11489.31,VALID
PAY1802,B1619,CARD,14108.86,VALID
PAY1803,B1302,UPI,9282.39,VALID
PAY1804,B1769,CARD,1168.88,VALID
PAY1805,B1252,CARD,1480.08,VALID
PAY1806,B1733,CARD,10832.74,VALID
PAY1807,B1477,CARD,4907.19,VALID
PAY1808,B1368,CARD,9111.32,VALID
PAY1809,B1678,NETBANKING,3831.88,VALID
PAY1810,B1940,NETBANKING,4783.48,VALID
PAY1811,B1159,CARD,8064.97,VALID
PAY1812,B1960,CARD,14657.97,VALID
PAY1813,B1165,CARD,9627.79,VALID
PAY1814,B1204,CARD,14106.07,VALID
PAY1815,B1266,UPI,14431.32,VALID
PAY1816,B1137,UPI,3913.54,VALID
PAY1817,B1367,UPI,,INVALID
PAY1818,B1442,NETBANKING,11779.89,VALID
PAY1819,B1857,CARD,13134.7,VALID
PAY1820,B1759,UPI,8269.17,VALID
PAY1821,B1566,CARD,14905.16,VALID
PAY1822,B1915,CARD,1162.01,VALID
PAY1823,B1720,NETBANKING,5194.3,VALID
PAY1824,B1016,NETBANKING,9724.26,VALID
PAY1825,B1067,UPI,7570.06,VALID
PAY1826,B1132,UPI,2632.44,VALID
PAY1827,B1699,NETBANKING,6149.02,VALID
PAY1828,B1918,NETBANKING,1356.26,VALID
PAY1829,B1429,CARD,9998.44,VALID
PAY1830,B1307,CARD,13498.4,VALID
PAY1831,B1649,UPI,13388.24,VALID
PAY1832,B1173,UPI,,INVALID
PAY1833,B1411,NETBANKING,7520.78,VALID
PAY1834,B1096,UPI,8168.44,VALID
PAY1835,B1682,CARD,2916.86,VALID
PAY1836,B1153,NETBANKING,5774.24,VALID
PAY1837,B1694,CARD,3628.19,VALID
PAY1838,B1241,NETBANKING,,MISSING
PAY1839,B1303,NETBANKING,13806.55,VALID
PAY1840,B1284,CARD,8516.93,VALID
PAY1841,B1026,UPI,11188.7,VALID
PAY1842,B1401,UPI,2700.51,VALID
PAY1843,B1359,UPI,9519.49,VALID
PAY1844,B1059,UPI,10839.07,VALID
PAY1845,B1201,CARD,7338.75,VALID
PAY1846,B1761,NETBANKING,4405.82,VALID
PAY1847,B1873,CARD,13283.24,VALID
PAY1848,B1580,UPI,11400.72,VALID
PAY1849,B1969,UPI,13598.0,VALID
PAY1850,B1369,CARD,,INVALID
PAY1851,B1532,NETBANKING,14865.24,VALID
PAY1852,B1151,CARD,,INVALID
PAY1853,B1101,CARD,2214.47,VALID
PAY1854,B1898,CARD,5718.04,VALID
PAY1855,B1999,NETBANKING,2806.06,VALID
PAY1856,B1606,CARD,8323.82,VALID
PAY1857,B1445,CARD,9862.4,VALID
PAY1858,B1872,UPI,9096.04,VALID
PAY1859,B1228,CARD,4629.36,VALID
PAY1860,B1124,UPI,13723.54,VALID
PAY1861,B1769,UPI,1296.41,VALID
PAY1862,B1833,UPI,5872.19,VALID
PAY1863,B1998,NETBANKING,11065.89,VALID
PAY1864,B1880,UPI,11737.0,VALID
PAY1865,B1937,CARD,6825.66,VALID
PAY1866,B1235,CARD,1236.74,VALID
PAY1867,B1161,UPI,9652.61,VALID
PAY1868,B1553,UPI,1883.33,VALID
PAY1869,B1787,CARD,2509.98,VALID
PAY1870,B1352,UPI,10103.51,VALID
PAY1871,B1067,NETBANKING,5374.84,VALID
PAY1872,B1172,UPI,5872.42,VALID
PAY1873,B1842,NETBANKING,7815.3,VALID
PAY1874,B1636,NETBANKING,14700.1,VALID
PAY1875,B1681,NETBANKING,14516.19,VALID
PAY1876,B1558,UPI,6827.65,VALID
PAY1877,B1260,NETBANKING,4716.99,VALID
PAY1878,B1216,NETBANKING,5236.29,VALID
PAY1879,B1816,UPI,4762.94,VALID
PAY1880,B1123,NETBANKING,8451.44,VALID
PAY1881,B1804,UPI,9496.04,VALID
PAY1882,B1161,CARD,7842.91,VALID
PAY1883,B1200,NETBANKING,6711.92,VALID
PAY1884,B1453,UPI,3957.99,VALID
PAY1885,B1401,CARD,7755.08,VALID
PAY1886,B1461,NETBANKING,5775.44,VALID
PAY1887,B1274,NETBANKING,8582.34,VALID
PAY1888,B1205,UPI,10452.65,VALID
PAY1889,B1039,CARD,9866.37,VALID
PAY1890,B1272,UPI,,MISSING
PAY1891,B1699,NETBANKING,8784.73,VALID
PAY1892,B1866,NETBANKING,4987.99,VALID
PAY1893,B1092,NETBANKING,1339.36,VALID
PAY1894,B1041,NETBANKING,9750.27,VALID
PAY1895,B1464,CARD,4535.96,VALID
PAY1896,B1378,CARD,10365.35,VALID
PAY1897,B1106,UPI,,INVALID
PAY1898,B1327,UPI,13822.99,VALID
PAY1899,B1064,UPI,14413.72,VALID
PAY1900,B1364,NETBANKING,1147.36,VALID
PAY1901,B1820,UPI,14865.24,VALID
PAY1902,B1483,CARD,10562.26,VALID
PAY1903,B1646,UPI,10009.34,VALID
PAY1904,B1900,UPI,1212.98,VALID
PAY1905,B1023,CARD,13057.27,VALID
PAY1906,B1539,CARD,3036.88,VALID
PAY1907,B1061,NETBANKING,12722.62,VALID
PAY1908,B1490,CARD,1217.88,VALID
PAY1909,B1272,CARD,10043.5,VALID
PAY1910,B1228,UPI,7087.22,VALID
PAY1911,B1019,CARD,3810.73,VALID
PAY1912,B1002,NETBANKING,2505.86,VALID
PAY1913,B1420,UPI,7161.79,VALID
PAY1914,B1729,NETBANKING,2726.28,VALID
PAY1915,B1910,CARD,7810.25,VALID
PAY1916,B1306,NETBANKING,9753.04,VALID
PAY1917,B1431,NETBANKING,12583.38,VALID
PAY1918,B1135,CARD,10501.09,VALID
PAY1919,B1908,CARD,1912.8,VALID
PAY1920,B1943,UPI,5304.06,VALID
PAY1921,B1514,UPI,,MISSING
PAY1922,B1192,UPI,,MISSING
PAY1923,B1584,CARD,13148.95,VALID
PAY1924,B1414,NETBANKING,6182.07,VALID
PAY1925,B1872,NETBANKING,,MISSING
PAY1926,B1117,UPI,13517.5,VALID
PAY1927,B1665,UPI,13434.66,VALID
PAY1928,B1208,CARD,12966.45,VALID
PAY1929,B1951,NETBANKING,12831.14,VALID
PAY1930,B1033,UPI,7723.56,VALID
PAY1931,B1648,CARD,3484.04,VALID
PAY1932,B1317,UPI,7684.83,VALID
PAY1933,B1119,CARD,7924.37,VALID
PAY1934,B1626,NETBANKING,7859.04,VALID
PAY1935,B1524,CARD,8542.82,VALID
PAY1936,B1580,UPI,4607.2,VALID
PAY1937,B1936,UPI,6127.38,VALID
PAY1938,B1844,NETBANKING,7078.61,VALID
PAY1939,B1768,NETBANKING,2835.7,VALID
PAY1940,B1088,UPI,7375.1,VALID
PAY1941,B1511,UPI,12346.57,VALID
PAY1942,B1046,UPI,12592.83,VALID
PAY1943,B1771,NETBANKING,6761.89,VALID
PAY1944,B1739,UPI,8263.32,VALID
PAY1945,B1958,NETBANKING,1471.1,VALID
PAY1946,B1691,UPI,10442.06,VALID
PAY1947,B1521,CARD,6664.48,VALID
PAY1948,B1283,CARD,7236.69,VALID
PAY1949,B1376,UPI,,MISSING
PAY1950,B1637,CARD,7465.68,VALID
PAY1951,B1133,NETBANKING,1296.69,VALID
PAY1952,B1666,CARD,4184.87,VALID
PAY1953,B1247,CARD,7658.69,VALID
PAY1954,B1651,NETBANKING,6941.55,VALID
PAY1955,B1317,CARD,13045.18,VALID
PAY1956,B1435,CARD,8589.93,VALID
PAY1957,B1175,UPI,10654.9,VALID
PAY1958,B1834,NETBANKING,7570.53,VALID
PAY1959,B1685,NETBANKING,7155.18,VALID
PAY1960,B1992,UPI,7248.01,VALID
PAY1961,B1585,UPI,,MISSING
PAY1962,B1350,CARD,8540.17,VALID
PAY1963,B1142,CARD,4506.21,VALID
PAY1964,B1966,CARD,13474.77,VALID
PAY1965,B1803,UPI,5663.2,VALID
PAY1966,B1397,NETBANKING,3065.33,VALID
PAY1967,B1623,CARD,2351.71,VALID
PAY1968,B1717,UPI,1187.92,VALID
PAY1969,B1642,NETBANKING,6919.99,VALID
PAY1970,B1368,UPI,3626.55,VALID
PAY1971,B1500,CARD,1303.07,VALID
PAY1972,B1621,UPI,8280.27,VALID
PAY1973,B1369,UPI,10519.7,VALID
PAY1974,B1578,UPI,2200.51,VALID
PAY1975,B1381,UPI,7452.89,VALID
PAY1976,B1085,NETBANKING,11410.8,VALID
PAY1977,B1786,CARD,14801.3,VALID
PAY1978,B1738,NETBANKING,10340.66,VALID
PAY1979,B1459,UPI,4427.75,VALID
PAY1980,B1949,UPI,11031.75,VALID
PAY1981,B1324,CARD,,INVALID
PAY1982,B1521,CARD,3965.19,VALID
PAY1983,B1488,NETBANKING,12915.55,VALID
PAY1984,B1928,NETBANKING,6983.66,VALID
PAY1985,B1396,CARD,14467.69,VALID
PAY1986,B1895,NETBANKING,11120.61,VALID
PAY1987,B1354,UPI,10023.88,VALID
PAY1988,B1946,UPI,11196.94,VALID
PAY1989,B1287,CARD,7693.36,VALID
PAY1990,B1458,NETBANKING,8073.17,VALID
PAY1991,B1623,UPI,12916.9,VALID
PAY1992,B1997,CARD,,MISSING
PAY1993,B1535,NETBANKING,13561.41,VALID
PAY1994,B1290,UPI,13471.57,VALID
PAY1995,B1850,NETBANKING,14670.86,VALID
PAY1996,B1837,NETBANKING,10803.01,VALID
PAY1997,B1167,NETBANKING,8032.22,VALID
PAY1998,B1949,CARD,3328.36,VALID
PAY1999,B1620,UPI,10875.33,VALID
